Gene,Meta information,image_path
ACTB,Major.cell.type,VlnPlot/Major.cell.type/ACTB.pdf
ACTG1,Major.cell.type,VlnPlot/Major.cell.type/ACTG1.pdf
ACTR2,Major.cell.type,VlnPlot/Major.cell.type/ACTR2.pdf
AEBP1,Major.cell.type,VlnPlot/Major.cell.type/AEBP1.pdf
AIF1,Major.cell.type,VlnPlot/Major.cell.type/AIF1.pdf
AKAP13,Major.cell.type,VlnPlot/Major.cell.type/AKAP13.pdf
ANXA1,Major.cell.type,VlnPlot/Major.cell.type/ANXA1.pdf
ANXA2,Major.cell.type,VlnPlot/Major.cell.type/ANXA2.pdf
ANXA5,Major.cell.type,VlnPlot/Major.cell.type/ANXA5.pdf
APLP2,Major.cell.type,VlnPlot/Major.cell.type/APLP2.pdf
APOC1,Major.cell.type,VlnPlot/Major.cell.type/APOC1.pdf
APOE,Major.cell.type,VlnPlot/Major.cell.type/APOE.pdf
ARF4,Major.cell.type,VlnPlot/Major.cell.type/ARF4.pdf
ARHGDIB,Major.cell.type,VlnPlot/Major.cell.type/ARHGDIB.pdf
ARPC1B,Major.cell.type,VlnPlot/Major.cell.type/ARPC1B.pdf
ARPC2,Major.cell.type,VlnPlot/Major.cell.type/ARPC2.pdf
ARPC3,Major.cell.type,VlnPlot/Major.cell.type/ARPC3.pdf
ARPC5,Major.cell.type,VlnPlot/Major.cell.type/ARPC5.pdf
ASAH1,Major.cell.type,VlnPlot/Major.cell.type/ASAH1.pdf
ATP1B3,Major.cell.type,VlnPlot/Major.cell.type/ATP1B3.pdf
ATP5F1E,Major.cell.type,VlnPlot/Major.cell.type/ATP5F1E.pdf
ATP5MC2,Major.cell.type,VlnPlot/Major.cell.type/ATP5MC2.pdf
ATP5MC3,Major.cell.type,VlnPlot/Major.cell.type/ATP5MC3.pdf
ATP5ME,Major.cell.type,VlnPlot/Major.cell.type/ATP5ME.pdf
ATP5MG,Major.cell.type,VlnPlot/Major.cell.type/ATP5MG.pdf
ATP6V0B,Major.cell.type,VlnPlot/Major.cell.type/ATP6V0B.pdf
ATP6V0E1,Major.cell.type,VlnPlot/Major.cell.type/ATP6V0E1.pdf
B2M,Major.cell.type,VlnPlot/Major.cell.type/B2M.pdf
BCAM,Major.cell.type,VlnPlot/Major.cell.type/BCAM.pdf
BGN,Major.cell.type,VlnPlot/Major.cell.type/BGN.pdf
BRI3,Major.cell.type,VlnPlot/Major.cell.type/BRI3.pdf
BST2,Major.cell.type,VlnPlot/Major.cell.type/BST2.pdf
BTF3,Major.cell.type,VlnPlot/Major.cell.type/BTF3.pdf
BTG1,Major.cell.type,VlnPlot/Major.cell.type/BTG1.pdf
C12orf57,Major.cell.type,VlnPlot/Major.cell.type/C12orf57.pdf
C1QA,Major.cell.type,VlnPlot/Major.cell.type/C1QA.pdf
C1QB,Major.cell.type,VlnPlot/Major.cell.type/C1QB.pdf
C1QC,Major.cell.type,VlnPlot/Major.cell.type/C1QC.pdf
C1R,Major.cell.type,VlnPlot/Major.cell.type/C1R.pdf
C1S,Major.cell.type,VlnPlot/Major.cell.type/C1S.pdf
C5AR1,Major.cell.type,VlnPlot/Major.cell.type/C5AR1.pdf
CALD1,Major.cell.type,VlnPlot/Major.cell.type/CALD1.pdf
CALM1,Major.cell.type,VlnPlot/Major.cell.type/CALM1.pdf
CALM2,Major.cell.type,VlnPlot/Major.cell.type/CALM2.pdf
CALR,Major.cell.type,VlnPlot/Major.cell.type/CALR.pdf
CALU,Major.cell.type,VlnPlot/Major.cell.type/CALU.pdf
CAPZB,Major.cell.type,VlnPlot/Major.cell.type/CAPZB.pdf
CCDC80,Major.cell.type,VlnPlot/Major.cell.type/CCDC80.pdf
CCL5,Major.cell.type,VlnPlot/Major.cell.type/CCL5.pdf
CCNI,Major.cell.type,VlnPlot/Major.cell.type/CCNI.pdf
CD14,Major.cell.type,VlnPlot/Major.cell.type/CD14.pdf
CD163,Major.cell.type,VlnPlot/Major.cell.type/CD163.pdf
CD24,Major.cell.type,VlnPlot/Major.cell.type/CD24.pdf
CD2,Major.cell.type,VlnPlot/Major.cell.type/CD2.pdf
CD3D,Major.cell.type,VlnPlot/Major.cell.type/CD3D.pdf
CD44,Major.cell.type,VlnPlot/Major.cell.type/CD44.pdf
CD52,Major.cell.type,VlnPlot/Major.cell.type/CD52.pdf
CD63,Major.cell.type,VlnPlot/Major.cell.type/CD63.pdf
CD74,Major.cell.type,VlnPlot/Major.cell.type/CD74.pdf
CD81,Major.cell.type,VlnPlot/Major.cell.type/CD81.pdf
CD83,Major.cell.type,VlnPlot/Major.cell.type/CD83.pdf
CD9,Major.cell.type,VlnPlot/Major.cell.type/CD9.pdf
CDC42,Major.cell.type,VlnPlot/Major.cell.type/CDC42.pdf
CDH11,Major.cell.type,VlnPlot/Major.cell.type/CDH11.pdf
CELF2,Major.cell.type,VlnPlot/Major.cell.type/CELF2.pdf
CFL1,Major.cell.type,VlnPlot/Major.cell.type/CFL1.pdf
CHCHD2,Major.cell.type,VlnPlot/Major.cell.type/CHCHD2.pdf
CLDN3,Major.cell.type,VlnPlot/Major.cell.type/CLDN3.pdf
CLIC1,Major.cell.type,VlnPlot/Major.cell.type/CLIC1.pdf
CNOT6L,Major.cell.type,VlnPlot/Major.cell.type/CNOT6L.pdf
COL1A1,Major.cell.type,VlnPlot/Major.cell.type/COL1A1.pdf
COL1A2,Major.cell.type,VlnPlot/Major.cell.type/COL1A2.pdf
COL3A1,Major.cell.type,VlnPlot/Major.cell.type/COL3A1.pdf
COL5A1,Major.cell.type,VlnPlot/Major.cell.type/COL5A1.pdf
COL5A2,Major.cell.type,VlnPlot/Major.cell.type/COL5A2.pdf
COL6A1,Major.cell.type,VlnPlot/Major.cell.type/COL6A1.pdf
COL6A2,Major.cell.type,VlnPlot/Major.cell.type/COL6A2.pdf
COL6A3,Major.cell.type,VlnPlot/Major.cell.type/COL6A3.pdf
COTL1,Major.cell.type,VlnPlot/Major.cell.type/COTL1.pdf
COX4I1,Major.cell.type,VlnPlot/Major.cell.type/COX4I1.pdf
COX5B,Major.cell.type,VlnPlot/Major.cell.type/COX5B.pdf
COX6A1,Major.cell.type,VlnPlot/Major.cell.type/COX6A1.pdf
COX6B1,Major.cell.type,VlnPlot/Major.cell.type/COX6B1.pdf
COX6C,Major.cell.type,VlnPlot/Major.cell.type/COX6C.pdf
COX7A2,Major.cell.type,VlnPlot/Major.cell.type/COX7A2.pdf
COX7B,Major.cell.type,VlnPlot/Major.cell.type/COX7B.pdf
COX7C,Major.cell.type,VlnPlot/Major.cell.type/COX7C.pdf
CREM,Major.cell.type,VlnPlot/Major.cell.type/CREM.pdf
CST3,Major.cell.type,VlnPlot/Major.cell.type/CST3.pdf
CSTB,Major.cell.type,VlnPlot/Major.cell.type/CSTB.pdf
CTHRC1,Major.cell.type,VlnPlot/Major.cell.type/CTHRC1.pdf
CTSB,Major.cell.type,VlnPlot/Major.cell.type/CTSB.pdf
CTSC,Major.cell.type,VlnPlot/Major.cell.type/CTSC.pdf
CTSD,Major.cell.type,VlnPlot/Major.cell.type/CTSD.pdf
CTSL,Major.cell.type,VlnPlot/Major.cell.type/CTSL.pdf
CTSS,Major.cell.type,VlnPlot/Major.cell.type/CTSS.pdf
CTSZ,Major.cell.type,VlnPlot/Major.cell.type/CTSZ.pdf
CXCR4,Major.cell.type,VlnPlot/Major.cell.type/CXCR4.pdf
CYBA,Major.cell.type,VlnPlot/Major.cell.type/CYBA.pdf
CYBB,Major.cell.type,VlnPlot/Major.cell.type/CYBB.pdf
CYRIB,Major.cell.type,VlnPlot/Major.cell.type/CYRIB.pdf
DCN,Major.cell.type,VlnPlot/Major.cell.type/DCN.pdf
DDX5,Major.cell.type,VlnPlot/Major.cell.type/DDX5.pdf
DOCK4,Major.cell.type,VlnPlot/Major.cell.type/DOCK4.pdf
DOCK8,Major.cell.type,VlnPlot/Major.cell.type/DOCK8.pdf
DPYD,Major.cell.type,VlnPlot/Major.cell.type/DPYD.pdf
DSTN,Major.cell.type,VlnPlot/Major.cell.type/DSTN.pdf
DUSP1,Major.cell.type,VlnPlot/Major.cell.type/DUSP1.pdf
DYNLL1,Major.cell.type,VlnPlot/Major.cell.type/DYNLL1.pdf
EDF1,Major.cell.type,VlnPlot/Major.cell.type/EDF1.pdf
EEF1A1,Major.cell.type,VlnPlot/Major.cell.type/EEF1A1.pdf
EEF1B2,Major.cell.type,VlnPlot/Major.cell.type/EEF1B2.pdf
EEF1D,Major.cell.type,VlnPlot/Major.cell.type/EEF1D.pdf
EEF1G,Major.cell.type,VlnPlot/Major.cell.type/EEF1G.pdf
EEF2,Major.cell.type,VlnPlot/Major.cell.type/EEF2.pdf
EID1,Major.cell.type,VlnPlot/Major.cell.type/EID1.pdf
EIF1,Major.cell.type,VlnPlot/Major.cell.type/EIF1.pdf
EIF3E,Major.cell.type,VlnPlot/Major.cell.type/EIF3E.pdf
EIF3K,Major.cell.type,VlnPlot/Major.cell.type/EIF3K.pdf
EIF4G2,Major.cell.type,VlnPlot/Major.cell.type/EIF4G2.pdf
ELF1,Major.cell.type,VlnPlot/Major.cell.type/ELF1.pdf
ELL2,Major.cell.type,VlnPlot/Major.cell.type/ELL2.pdf
ELOB,Major.cell.type,VlnPlot/Major.cell.type/ELOB.pdf
EMP3,Major.cell.type,VlnPlot/Major.cell.type/EMP3.pdf
ENO1,Major.cell.type,VlnPlot/Major.cell.type/ENO1.pdf
EPCAM,Major.cell.type,VlnPlot/Major.cell.type/EPCAM.pdf
ETS1,Major.cell.type,VlnPlot/Major.cell.type/ETS1.pdf
EZR,Major.cell.type,VlnPlot/Major.cell.type/EZR.pdf
FAU,Major.cell.type,VlnPlot/Major.cell.type/FAU.pdf
FCER1G,Major.cell.type,VlnPlot/Major.cell.type/FCER1G.pdf
FCGR3A,Major.cell.type,VlnPlot/Major.cell.type/FCGR3A.pdf
FCGRT,Major.cell.type,VlnPlot/Major.cell.type/FCGRT.pdf
FN1,Major.cell.type,VlnPlot/Major.cell.type/FN1.pdf
FNDC3B,Major.cell.type,VlnPlot/Major.cell.type/FNDC3B.pdf
FOXP1,Major.cell.type,VlnPlot/Major.cell.type/FOXP1.pdf
FTH1,Major.cell.type,VlnPlot/Major.cell.type/FTH1.pdf
FTL,Major.cell.type,VlnPlot/Major.cell.type/FTL.pdf
FYB1,Major.cell.type,VlnPlot/Major.cell.type/FYB1.pdf
FYN,Major.cell.type,VlnPlot/Major.cell.type/FYN.pdf
GAPDH,Major.cell.type,VlnPlot/Major.cell.type/GAPDH.pdf
GAS5,Major.cell.type,VlnPlot/Major.cell.type/GAS5.pdf
GLUL,Major.cell.type,VlnPlot/Major.cell.type/GLUL.pdf
GNAI2,Major.cell.type,VlnPlot/Major.cell.type/GNAI2.pdf
GNAQ,Major.cell.type,VlnPlot/Major.cell.type/GNAQ.pdf
GNAS,Major.cell.type,VlnPlot/Major.cell.type/GNAS.pdf
GPR183,Major.cell.type,VlnPlot/Major.cell.type/GPR183.pdf
GPX1,Major.cell.type,VlnPlot/Major.cell.type/GPX1.pdf
GPX4,Major.cell.type,VlnPlot/Major.cell.type/GPX4.pdf
GRB2,Major.cell.type,VlnPlot/Major.cell.type/GRB2.pdf
GRN,Major.cell.type,VlnPlot/Major.cell.type/GRN.pdf
GSTP1,Major.cell.type,VlnPlot/Major.cell.type/GSTP1.pdf
GUK1,Major.cell.type,VlnPlot/Major.cell.type/GUK1.pdf
H3-3A,Major.cell.type,VlnPlot/Major.cell.type/H3-3A.pdf
H3-3B,Major.cell.type,VlnPlot/Major.cell.type/H3-3B.pdf
HCST,Major.cell.type,VlnPlot/Major.cell.type/HCST.pdf
HERPUD1,Major.cell.type,VlnPlot/Major.cell.type/HERPUD1.pdf
HIF1A,Major.cell.type,VlnPlot/Major.cell.type/HIF1A.pdf
HINT1,Major.cell.type,VlnPlot/Major.cell.type/HINT1.pdf
HLA-A,Major.cell.type,VlnPlot/Major.cell.type/HLA-A.pdf
HLA-B,Major.cell.type,VlnPlot/Major.cell.type/HLA-B.pdf
HLA-C,Major.cell.type,VlnPlot/Major.cell.type/HLA-C.pdf
HLA-DMA,Major.cell.type,VlnPlot/Major.cell.type/HLA-DMA.pdf
HLA-DPA1,Major.cell.type,VlnPlot/Major.cell.type/HLA-DPA1.pdf
HLA-DPB1,Major.cell.type,VlnPlot/Major.cell.type/HLA-DPB1.pdf
HLA-DQA1,Major.cell.type,VlnPlot/Major.cell.type/HLA-DQA1.pdf
HLA-DQB1,Major.cell.type,VlnPlot/Major.cell.type/HLA-DQB1.pdf
HLA-DRA,Major.cell.type,VlnPlot/Major.cell.type/HLA-DRA.pdf
HLA-DRB1,Major.cell.type,VlnPlot/Major.cell.type/HLA-DRB1.pdf
HLA-E,Major.cell.type,VlnPlot/Major.cell.type/HLA-E.pdf
HMGB1,Major.cell.type,VlnPlot/Major.cell.type/HMGB1.pdf
HNRNPA1,Major.cell.type,VlnPlot/Major.cell.type/HNRNPA1.pdf
HNRNPA2B1,Major.cell.type,VlnPlot/Major.cell.type/HNRNPA2B1.pdf
HNRNPC,Major.cell.type,VlnPlot/Major.cell.type/HNRNPC.pdf
HTRA1,Major.cell.type,VlnPlot/Major.cell.type/HTRA1.pdf
IER3,Major.cell.type,VlnPlot/Major.cell.type/IER3.pdf
IFI27,Major.cell.type,VlnPlot/Major.cell.type/IFI27.pdf
IFI30,Major.cell.type,VlnPlot/Major.cell.type/IFI30.pdf
IFITM2,Major.cell.type,VlnPlot/Major.cell.type/IFITM2.pdf
IFITM3,Major.cell.type,VlnPlot/Major.cell.type/IFITM3.pdf
IGFBP2,Major.cell.type,VlnPlot/Major.cell.type/IGFBP2.pdf
IGFBP4,Major.cell.type,VlnPlot/Major.cell.type/IGFBP4.pdf
IGFBP7,Major.cell.type,VlnPlot/Major.cell.type/IGFBP7.pdf
IGKC,Major.cell.type,VlnPlot/Major.cell.type/IGKC.pdf
IL32,Major.cell.type,VlnPlot/Major.cell.type/IL32.pdf
IQGAP1,Major.cell.type,VlnPlot/Major.cell.type/IQGAP1.pdf
ITGB1,Major.cell.type,VlnPlot/Major.cell.type/ITGB1.pdf
ITGB2,Major.cell.type,VlnPlot/Major.cell.type/ITGB2.pdf
ITM2B,Major.cell.type,VlnPlot/Major.cell.type/ITM2B.pdf
JMJD1C,Major.cell.type,VlnPlot/Major.cell.type/JMJD1C.pdf
KIAA1217,Major.cell.type,VlnPlot/Major.cell.type/KIAA1217.pdf
KLF6,Major.cell.type,VlnPlot/Major.cell.type/KLF6.pdf
KRT18,Major.cell.type,VlnPlot/Major.cell.type/KRT18.pdf
KRT19,Major.cell.type,VlnPlot/Major.cell.type/KRT19.pdf
KRT8,Major.cell.type,VlnPlot/Major.cell.type/KRT8.pdf
LAPTM4A,Major.cell.type,VlnPlot/Major.cell.type/LAPTM4A.pdf
LAPTM5,Major.cell.type,VlnPlot/Major.cell.type/LAPTM5.pdf
LDHA,Major.cell.type,VlnPlot/Major.cell.type/LDHA.pdf
LGALS1,Major.cell.type,VlnPlot/Major.cell.type/LGALS1.pdf
LIMS1,Major.cell.type,VlnPlot/Major.cell.type/LIMS1.pdf
LINC-PINT,Major.cell.type,VlnPlot/Major.cell.type/LINC-PINT.pdf
LITAF,Major.cell.type,VlnPlot/Major.cell.type/LITAF.pdf
LMNA,Major.cell.type,VlnPlot/Major.cell.type/LMNA.pdf
LPP,Major.cell.type,VlnPlot/Major.cell.type/LPP.pdf
LRMDA,Major.cell.type,VlnPlot/Major.cell.type/LRMDA.pdf
LRRFIP1,Major.cell.type,VlnPlot/Major.cell.type/LRRFIP1.pdf
LUM,Major.cell.type,VlnPlot/Major.cell.type/LUM.pdf
LY6E,Major.cell.type,VlnPlot/Major.cell.type/LY6E.pdf
LYN,Major.cell.type,VlnPlot/Major.cell.type/LYN.pdf
LYZ,Major.cell.type,VlnPlot/Major.cell.type/LYZ.pdf
MALAT1,Major.cell.type,VlnPlot/Major.cell.type/MALAT1.pdf
MARCKS,Major.cell.type,VlnPlot/Major.cell.type/MARCKS.pdf
MBNL1,Major.cell.type,VlnPlot/Major.cell.type/MBNL1.pdf
MCL1,Major.cell.type,VlnPlot/Major.cell.type/MCL1.pdf
MDK,Major.cell.type,VlnPlot/Major.cell.type/MDK.pdf
MECOM,Major.cell.type,VlnPlot/Major.cell.type/MECOM.pdf
MIF,Major.cell.type,VlnPlot/Major.cell.type/MIF.pdf
MMP2,Major.cell.type,VlnPlot/Major.cell.type/MMP2.pdf
MORF4L1,Major.cell.type,VlnPlot/Major.cell.type/MORF4L1.pdf
MS4A6A,Major.cell.type,VlnPlot/Major.cell.type/MS4A6A.pdf
MS4A7,Major.cell.type,VlnPlot/Major.cell.type/MS4A7.pdf
MSR1,Major.cell.type,VlnPlot/Major.cell.type/MSR1.pdf
MUC1,Major.cell.type,VlnPlot/Major.cell.type/MUC1.pdf
MYL12A,Major.cell.type,VlnPlot/Major.cell.type/MYL12A.pdf
MYL12B,Major.cell.type,VlnPlot/Major.cell.type/MYL12B.pdf
MYL6,Major.cell.type,VlnPlot/Major.cell.type/MYL6.pdf
NACA,Major.cell.type,VlnPlot/Major.cell.type/NACA.pdf
NAMPT,Major.cell.type,VlnPlot/Major.cell.type/NAMPT.pdf
NAP1L1,Major.cell.type,VlnPlot/Major.cell.type/NAP1L1.pdf
NCL,Major.cell.type,VlnPlot/Major.cell.type/NCL.pdf
NDUFA13,Major.cell.type,VlnPlot/Major.cell.type/NDUFA13.pdf
NDUFA4,Major.cell.type,VlnPlot/Major.cell.type/NDUFA4.pdf
NDUFC2,Major.cell.type,VlnPlot/Major.cell.type/NDUFC2.pdf
NDUFS5,Major.cell.type,VlnPlot/Major.cell.type/NDUFS5.pdf
NEAT1,Major.cell.type,VlnPlot/Major.cell.type/NEAT1.pdf
NFE2L2,Major.cell.type,VlnPlot/Major.cell.type/NFE2L2.pdf
NFKB1,Major.cell.type,VlnPlot/Major.cell.type/NFKB1.pdf
NME2,Major.cell.type,VlnPlot/Major.cell.type/NME2.pdf
NNMT,Major.cell.type,VlnPlot/Major.cell.type/NNMT.pdf
NPC2,Major.cell.type,VlnPlot/Major.cell.type/NPC2.pdf
NPM1,Major.cell.type,VlnPlot/Major.cell.type/NPM1.pdf
NR4A2,Major.cell.type,VlnPlot/Major.cell.type/NR4A2.pdf
NR4A3,Major.cell.type,VlnPlot/Major.cell.type/NR4A3.pdf
NUCKS1,Major.cell.type,VlnPlot/Major.cell.type/NUCKS1.pdf
OAZ1,Major.cell.type,VlnPlot/Major.cell.type/OAZ1.pdf
OLR1,Major.cell.type,VlnPlot/Major.cell.type/OLR1.pdf
OST4,Major.cell.type,VlnPlot/Major.cell.type/OST4.pdf
P4HB,Major.cell.type,VlnPlot/Major.cell.type/P4HB.pdf
PABPC1,Major.cell.type,VlnPlot/Major.cell.type/PABPC1.pdf
PALLD,Major.cell.type,VlnPlot/Major.cell.type/PALLD.pdf
PARK7,Major.cell.type,VlnPlot/Major.cell.type/PARK7.pdf
PCOLCE,Major.cell.type,VlnPlot/Major.cell.type/PCOLCE.pdf
PDE4B,Major.cell.type,VlnPlot/Major.cell.type/PDE4B.pdf
PDIA3,Major.cell.type,VlnPlot/Major.cell.type/PDIA3.pdf
PEBP1,Major.cell.type,VlnPlot/Major.cell.type/PEBP1.pdf
PFN1,Major.cell.type,VlnPlot/Major.cell.type/PFN1.pdf
PKM,Major.cell.type,VlnPlot/Major.cell.type/PKM.pdf
PLAUR,Major.cell.type,VlnPlot/Major.cell.type/PLAUR.pdf
PLXDC2,Major.cell.type,VlnPlot/Major.cell.type/PLXDC2.pdf
PNRC1,Major.cell.type,VlnPlot/Major.cell.type/PNRC1.pdf
PPA1,Major.cell.type,VlnPlot/Major.cell.type/PPA1.pdf
PPDPF,Major.cell.type,VlnPlot/Major.cell.type/PPDPF.pdf
PPIA,Major.cell.type,VlnPlot/Major.cell.type/PPIA.pdf
PPIB,Major.cell.type,VlnPlot/Major.cell.type/PPIB.pdf
PRDX1,Major.cell.type,VlnPlot/Major.cell.type/PRDX1.pdf
PRDX5,Major.cell.type,VlnPlot/Major.cell.type/PRDX5.pdf
PRDX6,Major.cell.type,VlnPlot/Major.cell.type/PRDX6.pdf
PSAP,Major.cell.type,VlnPlot/Major.cell.type/PSAP.pdf
PSMA7,Major.cell.type,VlnPlot/Major.cell.type/PSMA7.pdf
PTMA,Major.cell.type,VlnPlot/Major.cell.type/PTMA.pdf
PTMS,Major.cell.type,VlnPlot/Major.cell.type/PTMS.pdf
PTPRC,Major.cell.type,VlnPlot/Major.cell.type/PTPRC.pdf
QKI,Major.cell.type,VlnPlot/Major.cell.type/QKI.pdf
RAB2A,Major.cell.type,VlnPlot/Major.cell.type/RAB2A.pdf
RAB31,Major.cell.type,VlnPlot/Major.cell.type/RAB31.pdf
RABAC1,Major.cell.type,VlnPlot/Major.cell.type/RABAC1.pdf
RAC1,Major.cell.type,VlnPlot/Major.cell.type/RAC1.pdf
RACK1,Major.cell.type,VlnPlot/Major.cell.type/RACK1.pdf
RARRES2,Major.cell.type,VlnPlot/Major.cell.type/RARRES2.pdf
RASGEF1B,Major.cell.type,VlnPlot/Major.cell.type/RASGEF1B.pdf
RBM39,Major.cell.type,VlnPlot/Major.cell.type/RBM39.pdf
RBM47,Major.cell.type,VlnPlot/Major.cell.type/RBM47.pdf
REL,Major.cell.type,VlnPlot/Major.cell.type/REL.pdf
RGS1,Major.cell.type,VlnPlot/Major.cell.type/RGS1.pdf
RHEX,Major.cell.type,VlnPlot/Major.cell.type/RHEX.pdf
RHOA,Major.cell.type,VlnPlot/Major.cell.type/RHOA.pdf
RNASET2,Major.cell.type,VlnPlot/Major.cell.type/RNASET2.pdf
RNF130,Major.cell.type,VlnPlot/Major.cell.type/RNF130.pdf
RNF19A,Major.cell.type,VlnPlot/Major.cell.type/RNF19A.pdf
RRBP1,Major.cell.type,VlnPlot/Major.cell.type/RRBP1.pdf
RTN4,Major.cell.type,VlnPlot/Major.cell.type/RTN4.pdf
S100A10,Major.cell.type,VlnPlot/Major.cell.type/S100A10.pdf
S100A11,Major.cell.type,VlnPlot/Major.cell.type/S100A11.pdf
S100A13,Major.cell.type,VlnPlot/Major.cell.type/S100A13.pdf
S100A4,Major.cell.type,VlnPlot/Major.cell.type/S100A4.pdf
S100A6,Major.cell.type,VlnPlot/Major.cell.type/S100A6.pdf
SAMSN1,Major.cell.type,VlnPlot/Major.cell.type/SAMSN1.pdf
SARAF,Major.cell.type,VlnPlot/Major.cell.type/SARAF.pdf
SAT1,Major.cell.type,VlnPlot/Major.cell.type/SAT1.pdf
SDCBP,Major.cell.type,VlnPlot/Major.cell.type/SDCBP.pdf
SEC31A,Major.cell.type,VlnPlot/Major.cell.type/SEC31A.pdf
SEC61B,Major.cell.type,VlnPlot/Major.cell.type/SEC61B.pdf
SEC62,Major.cell.type,VlnPlot/Major.cell.type/SEC62.pdf
SELENOM,Major.cell.type,VlnPlot/Major.cell.type/SELENOM.pdf
SEPTIN7,Major.cell.type,VlnPlot/Major.cell.type/SEPTIN7.pdf
SERBP1,Major.cell.type,VlnPlot/Major.cell.type/SERBP1.pdf
SERF2,Major.cell.type,VlnPlot/Major.cell.type/SERF2.pdf
SERPINF1,Major.cell.type,VlnPlot/Major.cell.type/SERPINF1.pdf
SERPING1,Major.cell.type,VlnPlot/Major.cell.type/SERPING1.pdf
SERPINH1,Major.cell.type,VlnPlot/Major.cell.type/SERPINH1.pdf
SET,Major.cell.type,VlnPlot/Major.cell.type/SET.pdf
SGK1,Major.cell.type,VlnPlot/Major.cell.type/SGK1.pdf
SH3BGRL3,Major.cell.type,VlnPlot/Major.cell.type/SH3BGRL3.pdf
SKP1,Major.cell.type,VlnPlot/Major.cell.type/SKP1.pdf
SLC8A1,Major.cell.type,VlnPlot/Major.cell.type/SLC8A1.pdf
SLPI,Major.cell.type,VlnPlot/Major.cell.type/SLPI.pdf
SNHG29,Major.cell.type,VlnPlot/Major.cell.type/SNHG29.pdf
SPARCL1,Major.cell.type,VlnPlot/Major.cell.type/SPARCL1.pdf
SPARC,Major.cell.type,VlnPlot/Major.cell.type/SPARC.pdf
SPATS2L,Major.cell.type,VlnPlot/Major.cell.type/SPATS2L.pdf
SPINT2,Major.cell.type,VlnPlot/Major.cell.type/SPINT2.pdf
SPP1,Major.cell.type,VlnPlot/Major.cell.type/SPP1.pdf
SQSTM1,Major.cell.type,VlnPlot/Major.cell.type/SQSTM1.pdf
SRGN,Major.cell.type,VlnPlot/Major.cell.type/SRGN.pdf
SRP14,Major.cell.type,VlnPlot/Major.cell.type/SRP14.pdf
SRSF7,Major.cell.type,VlnPlot/Major.cell.type/SRSF7.pdf
SSR2,Major.cell.type,VlnPlot/Major.cell.type/SSR2.pdf
SSR4,Major.cell.type,VlnPlot/Major.cell.type/SSR4.pdf
STK17B,Major.cell.type,VlnPlot/Major.cell.type/STK17B.pdf
SUMO2,Major.cell.type,VlnPlot/Major.cell.type/SUMO2.pdf
TCF4,Major.cell.type,VlnPlot/Major.cell.type/TCF4.pdf
THY1,Major.cell.type,VlnPlot/Major.cell.type/THY1.pdf
TIMP1,Major.cell.type,VlnPlot/Major.cell.type/TIMP1.pdf
TIMP2,Major.cell.type,VlnPlot/Major.cell.type/TIMP2.pdf
TMA7,Major.cell.type,VlnPlot/Major.cell.type/TMA7.pdf
TMBIM6,Major.cell.type,VlnPlot/Major.cell.type/TMBIM6.pdf
TMSB10,Major.cell.type,VlnPlot/Major.cell.type/TMSB10.pdf
TMSB4X,Major.cell.type,VlnPlot/Major.cell.type/TMSB4X.pdf
TNFAIP3,Major.cell.type,VlnPlot/Major.cell.type/TNFAIP3.pdf
TOMM7,Major.cell.type,VlnPlot/Major.cell.type/TOMM7.pdf
TPI1,Major.cell.type,VlnPlot/Major.cell.type/TPI1.pdf
TPM1,Major.cell.type,VlnPlot/Major.cell.type/TPM1.pdf
TPM2,Major.cell.type,VlnPlot/Major.cell.type/TPM2.pdf
TPM3,Major.cell.type,VlnPlot/Major.cell.type/TPM3.pdf
TPM4,Major.cell.type,VlnPlot/Major.cell.type/TPM4.pdf
TPT1,Major.cell.type,VlnPlot/Major.cell.type/TPT1.pdf
TSC22D3,Major.cell.type,VlnPlot/Major.cell.type/TSC22D3.pdf
TSPO,Major.cell.type,VlnPlot/Major.cell.type/TSPO.pdf
TTC3,Major.cell.type,VlnPlot/Major.cell.type/TTC3.pdf
TUBA1A,Major.cell.type,VlnPlot/Major.cell.type/TUBA1A.pdf
TUBA1B,Major.cell.type,VlnPlot/Major.cell.type/TUBA1B.pdf
TUBB,Major.cell.type,VlnPlot/Major.cell.type/TUBB.pdf
TXNIP,Major.cell.type,VlnPlot/Major.cell.type/TXNIP.pdf
TXN,Major.cell.type,VlnPlot/Major.cell.type/TXN.pdf
TYMP,Major.cell.type,VlnPlot/Major.cell.type/TYMP.pdf
TYROBP,Major.cell.type,VlnPlot/Major.cell.type/TYROBP.pdf
UBA52,Major.cell.type,VlnPlot/Major.cell.type/UBA52.pdf
UBB,Major.cell.type,VlnPlot/Major.cell.type/UBB.pdf
UBE2D3,Major.cell.type,VlnPlot/Major.cell.type/UBE2D3.pdf
UQCRB,Major.cell.type,VlnPlot/Major.cell.type/UQCRB.pdf
UQCRH,Major.cell.type,VlnPlot/Major.cell.type/UQCRH.pdf
VAMP8,Major.cell.type,VlnPlot/Major.cell.type/VAMP8.pdf
VCAN,Major.cell.type,VlnPlot/Major.cell.type/VCAN.pdf
VIM,Major.cell.type,VlnPlot/Major.cell.type/VIM.pdf
VMP1,Major.cell.type,VlnPlot/Major.cell.type/VMP1.pdf
WFDC2,Major.cell.type,VlnPlot/Major.cell.type/WFDC2.pdf
XIST,Major.cell.type,VlnPlot/Major.cell.type/XIST.pdf
YBX1,Major.cell.type,VlnPlot/Major.cell.type/YBX1.pdf
YWHAB,Major.cell.type,VlnPlot/Major.cell.type/YWHAB.pdf
YWHAZ,Major.cell.type,VlnPlot/Major.cell.type/YWHAZ.pdf
ZBTB20,Major.cell.type,VlnPlot/Major.cell.type/ZBTB20.pdf
ZEB2,Major.cell.type,VlnPlot/Major.cell.type/ZEB2.pdf
ZFAS1,Major.cell.type,VlnPlot/Major.cell.type/ZFAS1.pdf
ZFP36L1,Major.cell.type,VlnPlot/Major.cell.type/ZFP36L1.pdf
ZFP36L2,Major.cell.type,VlnPlot/Major.cell.type/ZFP36L2.pdf
ZNF331,Major.cell.type,VlnPlot/Major.cell.type/ZNF331.pdf
ACTB,TIME.subtype,VlnPlot/TIME.subtype/ACTB.pdf
ACTG1,TIME.subtype,VlnPlot/TIME.subtype/ACTG1.pdf
ACTR2,TIME.subtype,VlnPlot/TIME.subtype/ACTR2.pdf
AEBP1,TIME.subtype,VlnPlot/TIME.subtype/AEBP1.pdf
AIF1,TIME.subtype,VlnPlot/TIME.subtype/AIF1.pdf
AKAP13,TIME.subtype,VlnPlot/TIME.subtype/AKAP13.pdf
ANXA1,TIME.subtype,VlnPlot/TIME.subtype/ANXA1.pdf
ANXA2,TIME.subtype,VlnPlot/TIME.subtype/ANXA2.pdf
ANXA5,TIME.subtype,VlnPlot/TIME.subtype/ANXA5.pdf
APLP2,TIME.subtype,VlnPlot/TIME.subtype/APLP2.pdf
APOC1,TIME.subtype,VlnPlot/TIME.subtype/APOC1.pdf
APOE,TIME.subtype,VlnPlot/TIME.subtype/APOE.pdf
ARF4,TIME.subtype,VlnPlot/TIME.subtype/ARF4.pdf
ARHGDIB,TIME.subtype,VlnPlot/TIME.subtype/ARHGDIB.pdf
ARPC1B,TIME.subtype,VlnPlot/TIME.subtype/ARPC1B.pdf
ARPC2,TIME.subtype,VlnPlot/TIME.subtype/ARPC2.pdf
ARPC3,TIME.subtype,VlnPlot/TIME.subtype/ARPC3.pdf
ARPC5,TIME.subtype,VlnPlot/TIME.subtype/ARPC5.pdf
ASAH1,TIME.subtype,VlnPlot/TIME.subtype/ASAH1.pdf
ATP1B3,TIME.subtype,VlnPlot/TIME.subtype/ATP1B3.pdf
ATP5F1E,TIME.subtype,VlnPlot/TIME.subtype/ATP5F1E.pdf
ATP5MC2,TIME.subtype,VlnPlot/TIME.subtype/ATP5MC2.pdf
ATP5MC3,TIME.subtype,VlnPlot/TIME.subtype/ATP5MC3.pdf
ATP5ME,TIME.subtype,VlnPlot/TIME.subtype/ATP5ME.pdf
ATP5MG,TIME.subtype,VlnPlot/TIME.subtype/ATP5MG.pdf
ATP6V0B,TIME.subtype,VlnPlot/TIME.subtype/ATP6V0B.pdf
ATP6V0E1,TIME.subtype,VlnPlot/TIME.subtype/ATP6V0E1.pdf
B2M,TIME.subtype,VlnPlot/TIME.subtype/B2M.pdf
BCAM,TIME.subtype,VlnPlot/TIME.subtype/BCAM.pdf
BGN,TIME.subtype,VlnPlot/TIME.subtype/BGN.pdf
BRI3,TIME.subtype,VlnPlot/TIME.subtype/BRI3.pdf
BST2,TIME.subtype,VlnPlot/TIME.subtype/BST2.pdf
BTF3,TIME.subtype,VlnPlot/TIME.subtype/BTF3.pdf
BTG1,TIME.subtype,VlnPlot/TIME.subtype/BTG1.pdf
C12orf57,TIME.subtype,VlnPlot/TIME.subtype/C12orf57.pdf
C1QA,TIME.subtype,VlnPlot/TIME.subtype/C1QA.pdf
C1QB,TIME.subtype,VlnPlot/TIME.subtype/C1QB.pdf
C1QC,TIME.subtype,VlnPlot/TIME.subtype/C1QC.pdf
C1R,TIME.subtype,VlnPlot/TIME.subtype/C1R.pdf
C1S,TIME.subtype,VlnPlot/TIME.subtype/C1S.pdf
C5AR1,TIME.subtype,VlnPlot/TIME.subtype/C5AR1.pdf
CALD1,TIME.subtype,VlnPlot/TIME.subtype/CALD1.pdf
CALM1,TIME.subtype,VlnPlot/TIME.subtype/CALM1.pdf
CALM2,TIME.subtype,VlnPlot/TIME.subtype/CALM2.pdf
CALR,TIME.subtype,VlnPlot/TIME.subtype/CALR.pdf
CALU,TIME.subtype,VlnPlot/TIME.subtype/CALU.pdf
CAPZB,TIME.subtype,VlnPlot/TIME.subtype/CAPZB.pdf
CCDC80,TIME.subtype,VlnPlot/TIME.subtype/CCDC80.pdf
CCL5,TIME.subtype,VlnPlot/TIME.subtype/CCL5.pdf
CCNI,TIME.subtype,VlnPlot/TIME.subtype/CCNI.pdf
CD14,TIME.subtype,VlnPlot/TIME.subtype/CD14.pdf
CD163,TIME.subtype,VlnPlot/TIME.subtype/CD163.pdf
CD24,TIME.subtype,VlnPlot/TIME.subtype/CD24.pdf
CD2,TIME.subtype,VlnPlot/TIME.subtype/CD2.pdf
CD3D,TIME.subtype,VlnPlot/TIME.subtype/CD3D.pdf
CD44,TIME.subtype,VlnPlot/TIME.subtype/CD44.pdf
CD52,TIME.subtype,VlnPlot/TIME.subtype/CD52.pdf
CD63,TIME.subtype,VlnPlot/TIME.subtype/CD63.pdf
CD74,TIME.subtype,VlnPlot/TIME.subtype/CD74.pdf
CD81,TIME.subtype,VlnPlot/TIME.subtype/CD81.pdf
CD83,TIME.subtype,VlnPlot/TIME.subtype/CD83.pdf
CD9,TIME.subtype,VlnPlot/TIME.subtype/CD9.pdf
CDC42,TIME.subtype,VlnPlot/TIME.subtype/CDC42.pdf
CDH11,TIME.subtype,VlnPlot/TIME.subtype/CDH11.pdf
CELF2,TIME.subtype,VlnPlot/TIME.subtype/CELF2.pdf
CFL1,TIME.subtype,VlnPlot/TIME.subtype/CFL1.pdf
CHCHD2,TIME.subtype,VlnPlot/TIME.subtype/CHCHD2.pdf
CLDN3,TIME.subtype,VlnPlot/TIME.subtype/CLDN3.pdf
CLIC1,TIME.subtype,VlnPlot/TIME.subtype/CLIC1.pdf
CNOT6L,TIME.subtype,VlnPlot/TIME.subtype/CNOT6L.pdf
COL1A1,TIME.subtype,VlnPlot/TIME.subtype/COL1A1.pdf
COL1A2,TIME.subtype,VlnPlot/TIME.subtype/COL1A2.pdf
COL3A1,TIME.subtype,VlnPlot/TIME.subtype/COL3A1.pdf
COL5A1,TIME.subtype,VlnPlot/TIME.subtype/COL5A1.pdf
COL5A2,TIME.subtype,VlnPlot/TIME.subtype/COL5A2.pdf
COL6A1,TIME.subtype,VlnPlot/TIME.subtype/COL6A1.pdf
COL6A2,TIME.subtype,VlnPlot/TIME.subtype/COL6A2.pdf
COL6A3,TIME.subtype,VlnPlot/TIME.subtype/COL6A3.pdf
COTL1,TIME.subtype,VlnPlot/TIME.subtype/COTL1.pdf
COX4I1,TIME.subtype,VlnPlot/TIME.subtype/COX4I1.pdf
COX5B,TIME.subtype,VlnPlot/TIME.subtype/COX5B.pdf
COX6A1,TIME.subtype,VlnPlot/TIME.subtype/COX6A1.pdf
COX6B1,TIME.subtype,VlnPlot/TIME.subtype/COX6B1.pdf
COX6C,TIME.subtype,VlnPlot/TIME.subtype/COX6C.pdf
COX7A2,TIME.subtype,VlnPlot/TIME.subtype/COX7A2.pdf
COX7B,TIME.subtype,VlnPlot/TIME.subtype/COX7B.pdf
COX7C,TIME.subtype,VlnPlot/TIME.subtype/COX7C.pdf
CREM,TIME.subtype,VlnPlot/TIME.subtype/CREM.pdf
CST3,TIME.subtype,VlnPlot/TIME.subtype/CST3.pdf
CSTB,TIME.subtype,VlnPlot/TIME.subtype/CSTB.pdf
CTHRC1,TIME.subtype,VlnPlot/TIME.subtype/CTHRC1.pdf
CTSB,TIME.subtype,VlnPlot/TIME.subtype/CTSB.pdf
CTSC,TIME.subtype,VlnPlot/TIME.subtype/CTSC.pdf
CTSD,TIME.subtype,VlnPlot/TIME.subtype/CTSD.pdf
CTSL,TIME.subtype,VlnPlot/TIME.subtype/CTSL.pdf
CTSS,TIME.subtype,VlnPlot/TIME.subtype/CTSS.pdf
CTSZ,TIME.subtype,VlnPlot/TIME.subtype/CTSZ.pdf
CXCR4,TIME.subtype,VlnPlot/TIME.subtype/CXCR4.pdf
CYBA,TIME.subtype,VlnPlot/TIME.subtype/CYBA.pdf
CYBB,TIME.subtype,VlnPlot/TIME.subtype/CYBB.pdf
CYRIB,TIME.subtype,VlnPlot/TIME.subtype/CYRIB.pdf
DCN,TIME.subtype,VlnPlot/TIME.subtype/DCN.pdf
DDX5,TIME.subtype,VlnPlot/TIME.subtype/DDX5.pdf
DOCK4,TIME.subtype,VlnPlot/TIME.subtype/DOCK4.pdf
DOCK8,TIME.subtype,VlnPlot/TIME.subtype/DOCK8.pdf
DPYD,TIME.subtype,VlnPlot/TIME.subtype/DPYD.pdf
DSTN,TIME.subtype,VlnPlot/TIME.subtype/DSTN.pdf
DUSP1,TIME.subtype,VlnPlot/TIME.subtype/DUSP1.pdf
DYNLL1,TIME.subtype,VlnPlot/TIME.subtype/DYNLL1.pdf
EDF1,TIME.subtype,VlnPlot/TIME.subtype/EDF1.pdf
EEF1A1,TIME.subtype,VlnPlot/TIME.subtype/EEF1A1.pdf
EEF1B2,TIME.subtype,VlnPlot/TIME.subtype/EEF1B2.pdf
EEF1D,TIME.subtype,VlnPlot/TIME.subtype/EEF1D.pdf
EEF1G,TIME.subtype,VlnPlot/TIME.subtype/EEF1G.pdf
EEF2,TIME.subtype,VlnPlot/TIME.subtype/EEF2.pdf
EID1,TIME.subtype,VlnPlot/TIME.subtype/EID1.pdf
EIF1,TIME.subtype,VlnPlot/TIME.subtype/EIF1.pdf
EIF3E,TIME.subtype,VlnPlot/TIME.subtype/EIF3E.pdf
EIF3K,TIME.subtype,VlnPlot/TIME.subtype/EIF3K.pdf
EIF4G2,TIME.subtype,VlnPlot/TIME.subtype/EIF4G2.pdf
ELF1,TIME.subtype,VlnPlot/TIME.subtype/ELF1.pdf
ELL2,TIME.subtype,VlnPlot/TIME.subtype/ELL2.pdf
ELOB,TIME.subtype,VlnPlot/TIME.subtype/ELOB.pdf
EMP3,TIME.subtype,VlnPlot/TIME.subtype/EMP3.pdf
ENO1,TIME.subtype,VlnPlot/TIME.subtype/ENO1.pdf
EPCAM,TIME.subtype,VlnPlot/TIME.subtype/EPCAM.pdf
ETS1,TIME.subtype,VlnPlot/TIME.subtype/ETS1.pdf
EZR,TIME.subtype,VlnPlot/TIME.subtype/EZR.pdf
FAU,TIME.subtype,VlnPlot/TIME.subtype/FAU.pdf
FCER1G,TIME.subtype,VlnPlot/TIME.subtype/FCER1G.pdf
FCGR3A,TIME.subtype,VlnPlot/TIME.subtype/FCGR3A.pdf
FCGRT,TIME.subtype,VlnPlot/TIME.subtype/FCGRT.pdf
FN1,TIME.subtype,VlnPlot/TIME.subtype/FN1.pdf
FNDC3B,TIME.subtype,VlnPlot/TIME.subtype/FNDC3B.pdf
FOXP1,TIME.subtype,VlnPlot/TIME.subtype/FOXP1.pdf
FTH1,TIME.subtype,VlnPlot/TIME.subtype/FTH1.pdf
FTL,TIME.subtype,VlnPlot/TIME.subtype/FTL.pdf
FYB1,TIME.subtype,VlnPlot/TIME.subtype/FYB1.pdf
FYN,TIME.subtype,VlnPlot/TIME.subtype/FYN.pdf
GAPDH,TIME.subtype,VlnPlot/TIME.subtype/GAPDH.pdf
GAS5,TIME.subtype,VlnPlot/TIME.subtype/GAS5.pdf
GLUL,TIME.subtype,VlnPlot/TIME.subtype/GLUL.pdf
GNAI2,TIME.subtype,VlnPlot/TIME.subtype/GNAI2.pdf
GNAQ,TIME.subtype,VlnPlot/TIME.subtype/GNAQ.pdf
GNAS,TIME.subtype,VlnPlot/TIME.subtype/GNAS.pdf
GPR183,TIME.subtype,VlnPlot/TIME.subtype/GPR183.pdf
GPX1,TIME.subtype,VlnPlot/TIME.subtype/GPX1.pdf
GPX4,TIME.subtype,VlnPlot/TIME.subtype/GPX4.pdf
GRB2,TIME.subtype,VlnPlot/TIME.subtype/GRB2.pdf
GRN,TIME.subtype,VlnPlot/TIME.subtype/GRN.pdf
GSTP1,TIME.subtype,VlnPlot/TIME.subtype/GSTP1.pdf
GUK1,TIME.subtype,VlnPlot/TIME.subtype/GUK1.pdf
H3-3A,TIME.subtype,VlnPlot/TIME.subtype/H3-3A.pdf
H3-3B,TIME.subtype,VlnPlot/TIME.subtype/H3-3B.pdf
HCST,TIME.subtype,VlnPlot/TIME.subtype/HCST.pdf
HERPUD1,TIME.subtype,VlnPlot/TIME.subtype/HERPUD1.pdf
HIF1A,TIME.subtype,VlnPlot/TIME.subtype/HIF1A.pdf
HINT1,TIME.subtype,VlnPlot/TIME.subtype/HINT1.pdf
HLA-A,TIME.subtype,VlnPlot/TIME.subtype/HLA-A.pdf
HLA-B,TIME.subtype,VlnPlot/TIME.subtype/HLA-B.pdf
HLA-C,TIME.subtype,VlnPlot/TIME.subtype/HLA-C.pdf
HLA-DMA,TIME.subtype,VlnPlot/TIME.subtype/HLA-DMA.pdf
HLA-DPA1,TIME.subtype,VlnPlot/TIME.subtype/HLA-DPA1.pdf
HLA-DPB1,TIME.subtype,VlnPlot/TIME.subtype/HLA-DPB1.pdf
HLA-DQA1,TIME.subtype,VlnPlot/TIME.subtype/HLA-DQA1.pdf
HLA-DQB1,TIME.subtype,VlnPlot/TIME.subtype/HLA-DQB1.pdf
HLA-DRA,TIME.subtype,VlnPlot/TIME.subtype/HLA-DRA.pdf
HLA-DRB1,TIME.subtype,VlnPlot/TIME.subtype/HLA-DRB1.pdf
HLA-E,TIME.subtype,VlnPlot/TIME.subtype/HLA-E.pdf
HMGB1,TIME.subtype,VlnPlot/TIME.subtype/HMGB1.pdf
HNRNPA1,TIME.subtype,VlnPlot/TIME.subtype/HNRNPA1.pdf
HNRNPA2B1,TIME.subtype,VlnPlot/TIME.subtype/HNRNPA2B1.pdf
HNRNPC,TIME.subtype,VlnPlot/TIME.subtype/HNRNPC.pdf
HTRA1,TIME.subtype,VlnPlot/TIME.subtype/HTRA1.pdf
IER3,TIME.subtype,VlnPlot/TIME.subtype/IER3.pdf
IFI27,TIME.subtype,VlnPlot/TIME.subtype/IFI27.pdf
IFI30,TIME.subtype,VlnPlot/TIME.subtype/IFI30.pdf
IFITM2,TIME.subtype,VlnPlot/TIME.subtype/IFITM2.pdf
IFITM3,TIME.subtype,VlnPlot/TIME.subtype/IFITM3.pdf
IGFBP2,TIME.subtype,VlnPlot/TIME.subtype/IGFBP2.pdf
IGFBP4,TIME.subtype,VlnPlot/TIME.subtype/IGFBP4.pdf
IGFBP7,TIME.subtype,VlnPlot/TIME.subtype/IGFBP7.pdf
IGKC,TIME.subtype,VlnPlot/TIME.subtype/IGKC.pdf
IL32,TIME.subtype,VlnPlot/TIME.subtype/IL32.pdf
IQGAP1,TIME.subtype,VlnPlot/TIME.subtype/IQGAP1.pdf
ITGB1,TIME.subtype,VlnPlot/TIME.subtype/ITGB1.pdf
ITGB2,TIME.subtype,VlnPlot/TIME.subtype/ITGB2.pdf
ITM2B,TIME.subtype,VlnPlot/TIME.subtype/ITM2B.pdf
JMJD1C,TIME.subtype,VlnPlot/TIME.subtype/JMJD1C.pdf
KIAA1217,TIME.subtype,VlnPlot/TIME.subtype/KIAA1217.pdf
KLF6,TIME.subtype,VlnPlot/TIME.subtype/KLF6.pdf
KRT18,TIME.subtype,VlnPlot/TIME.subtype/KRT18.pdf
KRT19,TIME.subtype,VlnPlot/TIME.subtype/KRT19.pdf
KRT8,TIME.subtype,VlnPlot/TIME.subtype/KRT8.pdf
LAPTM4A,TIME.subtype,VlnPlot/TIME.subtype/LAPTM4A.pdf
LAPTM5,TIME.subtype,VlnPlot/TIME.subtype/LAPTM5.pdf
LDHA,TIME.subtype,VlnPlot/TIME.subtype/LDHA.pdf
LGALS1,TIME.subtype,VlnPlot/TIME.subtype/LGALS1.pdf
LIMS1,TIME.subtype,VlnPlot/TIME.subtype/LIMS1.pdf
LINC-PINT,TIME.subtype,VlnPlot/TIME.subtype/LINC-PINT.pdf
LITAF,TIME.subtype,VlnPlot/TIME.subtype/LITAF.pdf
LMNA,TIME.subtype,VlnPlot/TIME.subtype/LMNA.pdf
LPP,TIME.subtype,VlnPlot/TIME.subtype/LPP.pdf
LRMDA,TIME.subtype,VlnPlot/TIME.subtype/LRMDA.pdf
LRRFIP1,TIME.subtype,VlnPlot/TIME.subtype/LRRFIP1.pdf
LUM,TIME.subtype,VlnPlot/TIME.subtype/LUM.pdf
LY6E,TIME.subtype,VlnPlot/TIME.subtype/LY6E.pdf
LYN,TIME.subtype,VlnPlot/TIME.subtype/LYN.pdf
LYZ,TIME.subtype,VlnPlot/TIME.subtype/LYZ.pdf
MALAT1,TIME.subtype,VlnPlot/TIME.subtype/MALAT1.pdf
MARCKS,TIME.subtype,VlnPlot/TIME.subtype/MARCKS.pdf
MBNL1,TIME.subtype,VlnPlot/TIME.subtype/MBNL1.pdf
MCL1,TIME.subtype,VlnPlot/TIME.subtype/MCL1.pdf
MDK,TIME.subtype,VlnPlot/TIME.subtype/MDK.pdf
MECOM,TIME.subtype,VlnPlot/TIME.subtype/MECOM.pdf
MIF,TIME.subtype,VlnPlot/TIME.subtype/MIF.pdf
MMP2,TIME.subtype,VlnPlot/TIME.subtype/MMP2.pdf
MORF4L1,TIME.subtype,VlnPlot/TIME.subtype/MORF4L1.pdf
MS4A6A,TIME.subtype,VlnPlot/TIME.subtype/MS4A6A.pdf
MS4A7,TIME.subtype,VlnPlot/TIME.subtype/MS4A7.pdf
MSR1,TIME.subtype,VlnPlot/TIME.subtype/MSR1.pdf
MUC1,TIME.subtype,VlnPlot/TIME.subtype/MUC1.pdf
MYL12A,TIME.subtype,VlnPlot/TIME.subtype/MYL12A.pdf
MYL12B,TIME.subtype,VlnPlot/TIME.subtype/MYL12B.pdf
MYL6,TIME.subtype,VlnPlot/TIME.subtype/MYL6.pdf
NACA,TIME.subtype,VlnPlot/TIME.subtype/NACA.pdf
NAMPT,TIME.subtype,VlnPlot/TIME.subtype/NAMPT.pdf
NAP1L1,TIME.subtype,VlnPlot/TIME.subtype/NAP1L1.pdf
NCL,TIME.subtype,VlnPlot/TIME.subtype/NCL.pdf
NDUFA13,TIME.subtype,VlnPlot/TIME.subtype/NDUFA13.pdf
NDUFA4,TIME.subtype,VlnPlot/TIME.subtype/NDUFA4.pdf
NDUFC2,TIME.subtype,VlnPlot/TIME.subtype/NDUFC2.pdf
NDUFS5,TIME.subtype,VlnPlot/TIME.subtype/NDUFS5.pdf
NEAT1,TIME.subtype,VlnPlot/TIME.subtype/NEAT1.pdf
NFE2L2,TIME.subtype,VlnPlot/TIME.subtype/NFE2L2.pdf
NFKB1,TIME.subtype,VlnPlot/TIME.subtype/NFKB1.pdf
NME2,TIME.subtype,VlnPlot/TIME.subtype/NME2.pdf
NNMT,TIME.subtype,VlnPlot/TIME.subtype/NNMT.pdf
NPC2,TIME.subtype,VlnPlot/TIME.subtype/NPC2.pdf
NPM1,TIME.subtype,VlnPlot/TIME.subtype/NPM1.pdf
NR4A2,TIME.subtype,VlnPlot/TIME.subtype/NR4A2.pdf
NR4A3,TIME.subtype,VlnPlot/TIME.subtype/NR4A3.pdf
NUCKS1,TIME.subtype,VlnPlot/TIME.subtype/NUCKS1.pdf
OAZ1,TIME.subtype,VlnPlot/TIME.subtype/OAZ1.pdf
OLR1,TIME.subtype,VlnPlot/TIME.subtype/OLR1.pdf
OST4,TIME.subtype,VlnPlot/TIME.subtype/OST4.pdf
P4HB,TIME.subtype,VlnPlot/TIME.subtype/P4HB.pdf
PABPC1,TIME.subtype,VlnPlot/TIME.subtype/PABPC1.pdf
PALLD,TIME.subtype,VlnPlot/TIME.subtype/PALLD.pdf
PARK7,TIME.subtype,VlnPlot/TIME.subtype/PARK7.pdf
PCOLCE,TIME.subtype,VlnPlot/TIME.subtype/PCOLCE.pdf
PDE4B,TIME.subtype,VlnPlot/TIME.subtype/PDE4B.pdf
PDIA3,TIME.subtype,VlnPlot/TIME.subtype/PDIA3.pdf
PEBP1,TIME.subtype,VlnPlot/TIME.subtype/PEBP1.pdf
PFN1,TIME.subtype,VlnPlot/TIME.subtype/PFN1.pdf
PKM,TIME.subtype,VlnPlot/TIME.subtype/PKM.pdf
PLAUR,TIME.subtype,VlnPlot/TIME.subtype/PLAUR.pdf
PLXDC2,TIME.subtype,VlnPlot/TIME.subtype/PLXDC2.pdf
PNRC1,TIME.subtype,VlnPlot/TIME.subtype/PNRC1.pdf
PPA1,TIME.subtype,VlnPlot/TIME.subtype/PPA1.pdf
PPDPF,TIME.subtype,VlnPlot/TIME.subtype/PPDPF.pdf
PPIA,TIME.subtype,VlnPlot/TIME.subtype/PPIA.pdf
PPIB,TIME.subtype,VlnPlot/TIME.subtype/PPIB.pdf
PRDX1,TIME.subtype,VlnPlot/TIME.subtype/PRDX1.pdf
PRDX5,TIME.subtype,VlnPlot/TIME.subtype/PRDX5.pdf
PRDX6,TIME.subtype,VlnPlot/TIME.subtype/PRDX6.pdf
PSAP,TIME.subtype,VlnPlot/TIME.subtype/PSAP.pdf
PSMA7,TIME.subtype,VlnPlot/TIME.subtype/PSMA7.pdf
PTMA,TIME.subtype,VlnPlot/TIME.subtype/PTMA.pdf
PTMS,TIME.subtype,VlnPlot/TIME.subtype/PTMS.pdf
PTPRC,TIME.subtype,VlnPlot/TIME.subtype/PTPRC.pdf
QKI,TIME.subtype,VlnPlot/TIME.subtype/QKI.pdf
RAB2A,TIME.subtype,VlnPlot/TIME.subtype/RAB2A.pdf
RAB31,TIME.subtype,VlnPlot/TIME.subtype/RAB31.pdf
RABAC1,TIME.subtype,VlnPlot/TIME.subtype/RABAC1.pdf
RAC1,TIME.subtype,VlnPlot/TIME.subtype/RAC1.pdf
RACK1,TIME.subtype,VlnPlot/TIME.subtype/RACK1.pdf
RARRES2,TIME.subtype,VlnPlot/TIME.subtype/RARRES2.pdf
RASGEF1B,TIME.subtype,VlnPlot/TIME.subtype/RASGEF1B.pdf
RBM39,TIME.subtype,VlnPlot/TIME.subtype/RBM39.pdf
RBM47,TIME.subtype,VlnPlot/TIME.subtype/RBM47.pdf
REL,TIME.subtype,VlnPlot/TIME.subtype/REL.pdf
RGS1,TIME.subtype,VlnPlot/TIME.subtype/RGS1.pdf
RHEX,TIME.subtype,VlnPlot/TIME.subtype/RHEX.pdf
RHOA,TIME.subtype,VlnPlot/TIME.subtype/RHOA.pdf
RNASET2,TIME.subtype,VlnPlot/TIME.subtype/RNASET2.pdf
RNF130,TIME.subtype,VlnPlot/TIME.subtype/RNF130.pdf
RNF19A,TIME.subtype,VlnPlot/TIME.subtype/RNF19A.pdf
RRBP1,TIME.subtype,VlnPlot/TIME.subtype/RRBP1.pdf
RTN4,TIME.subtype,VlnPlot/TIME.subtype/RTN4.pdf
S100A10,TIME.subtype,VlnPlot/TIME.subtype/S100A10.pdf
S100A11,TIME.subtype,VlnPlot/TIME.subtype/S100A11.pdf
S100A13,TIME.subtype,VlnPlot/TIME.subtype/S100A13.pdf
S100A4,TIME.subtype,VlnPlot/TIME.subtype/S100A4.pdf
S100A6,TIME.subtype,VlnPlot/TIME.subtype/S100A6.pdf
SAMSN1,TIME.subtype,VlnPlot/TIME.subtype/SAMSN1.pdf
SARAF,TIME.subtype,VlnPlot/TIME.subtype/SARAF.pdf
SAT1,TIME.subtype,VlnPlot/TIME.subtype/SAT1.pdf
SDCBP,TIME.subtype,VlnPlot/TIME.subtype/SDCBP.pdf
SEC31A,TIME.subtype,VlnPlot/TIME.subtype/SEC31A.pdf
SEC61B,TIME.subtype,VlnPlot/TIME.subtype/SEC61B.pdf
SEC62,TIME.subtype,VlnPlot/TIME.subtype/SEC62.pdf
SELENOM,TIME.subtype,VlnPlot/TIME.subtype/SELENOM.pdf
SEPTIN7,TIME.subtype,VlnPlot/TIME.subtype/SEPTIN7.pdf
SERBP1,TIME.subtype,VlnPlot/TIME.subtype/SERBP1.pdf
SERF2,TIME.subtype,VlnPlot/TIME.subtype/SERF2.pdf
SERPINF1,TIME.subtype,VlnPlot/TIME.subtype/SERPINF1.pdf
SERPING1,TIME.subtype,VlnPlot/TIME.subtype/SERPING1.pdf
SERPINH1,TIME.subtype,VlnPlot/TIME.subtype/SERPINH1.pdf
SET,TIME.subtype,VlnPlot/TIME.subtype/SET.pdf
SGK1,TIME.subtype,VlnPlot/TIME.subtype/SGK1.pdf
SH3BGRL3,TIME.subtype,VlnPlot/TIME.subtype/SH3BGRL3.pdf
SKP1,TIME.subtype,VlnPlot/TIME.subtype/SKP1.pdf
SLC8A1,TIME.subtype,VlnPlot/TIME.subtype/SLC8A1.pdf
SLPI,TIME.subtype,VlnPlot/TIME.subtype/SLPI.pdf
SNHG29,TIME.subtype,VlnPlot/TIME.subtype/SNHG29.pdf
SPARCL1,TIME.subtype,VlnPlot/TIME.subtype/SPARCL1.pdf
SPARC,TIME.subtype,VlnPlot/TIME.subtype/SPARC.pdf
SPATS2L,TIME.subtype,VlnPlot/TIME.subtype/SPATS2L.pdf
SPINT2,TIME.subtype,VlnPlot/TIME.subtype/SPINT2.pdf
SPP1,TIME.subtype,VlnPlot/TIME.subtype/SPP1.pdf
SQSTM1,TIME.subtype,VlnPlot/TIME.subtype/SQSTM1.pdf
SRGN,TIME.subtype,VlnPlot/TIME.subtype/SRGN.pdf
SRP14,TIME.subtype,VlnPlot/TIME.subtype/SRP14.pdf
SRSF7,TIME.subtype,VlnPlot/TIME.subtype/SRSF7.pdf
SSR2,TIME.subtype,VlnPlot/TIME.subtype/SSR2.pdf
SSR4,TIME.subtype,VlnPlot/TIME.subtype/SSR4.pdf
STK17B,TIME.subtype,VlnPlot/TIME.subtype/STK17B.pdf
SUMO2,TIME.subtype,VlnPlot/TIME.subtype/SUMO2.pdf
TCF4,TIME.subtype,VlnPlot/TIME.subtype/TCF4.pdf
THY1,TIME.subtype,VlnPlot/TIME.subtype/THY1.pdf
TIMP1,TIME.subtype,VlnPlot/TIME.subtype/TIMP1.pdf
TIMP2,TIME.subtype,VlnPlot/TIME.subtype/TIMP2.pdf
TMA7,TIME.subtype,VlnPlot/TIME.subtype/TMA7.pdf
TMBIM6,TIME.subtype,VlnPlot/TIME.subtype/TMBIM6.pdf
TMSB10,TIME.subtype,VlnPlot/TIME.subtype/TMSB10.pdf
TMSB4X,TIME.subtype,VlnPlot/TIME.subtype/TMSB4X.pdf
TNFAIP3,TIME.subtype,VlnPlot/TIME.subtype/TNFAIP3.pdf
TOMM7,TIME.subtype,VlnPlot/TIME.subtype/TOMM7.pdf
TPI1,TIME.subtype,VlnPlot/TIME.subtype/TPI1.pdf
TPM1,TIME.subtype,VlnPlot/TIME.subtype/TPM1.pdf
TPM2,TIME.subtype,VlnPlot/TIME.subtype/TPM2.pdf
TPM3,TIME.subtype,VlnPlot/TIME.subtype/TPM3.pdf
TPM4,TIME.subtype,VlnPlot/TIME.subtype/TPM4.pdf
TPT1,TIME.subtype,VlnPlot/TIME.subtype/TPT1.pdf
TSC22D3,TIME.subtype,VlnPlot/TIME.subtype/TSC22D3.pdf
TSPO,TIME.subtype,VlnPlot/TIME.subtype/TSPO.pdf
TTC3,TIME.subtype,VlnPlot/TIME.subtype/TTC3.pdf
TUBA1A,TIME.subtype,VlnPlot/TIME.subtype/TUBA1A.pdf
TUBA1B,TIME.subtype,VlnPlot/TIME.subtype/TUBA1B.pdf
TUBB,TIME.subtype,VlnPlot/TIME.subtype/TUBB.pdf
TXNIP,TIME.subtype,VlnPlot/TIME.subtype/TXNIP.pdf
TXN,TIME.subtype,VlnPlot/TIME.subtype/TXN.pdf
TYMP,TIME.subtype,VlnPlot/TIME.subtype/TYMP.pdf
TYROBP,TIME.subtype,VlnPlot/TIME.subtype/TYROBP.pdf
UBA52,TIME.subtype,VlnPlot/TIME.subtype/UBA52.pdf
UBB,TIME.subtype,VlnPlot/TIME.subtype/UBB.pdf
UBE2D3,TIME.subtype,VlnPlot/TIME.subtype/UBE2D3.pdf
UQCRB,TIME.subtype,VlnPlot/TIME.subtype/UQCRB.pdf
UQCRH,TIME.subtype,VlnPlot/TIME.subtype/UQCRH.pdf
VAMP8,TIME.subtype,VlnPlot/TIME.subtype/VAMP8.pdf
VCAN,TIME.subtype,VlnPlot/TIME.subtype/VCAN.pdf
VIM,TIME.subtype,VlnPlot/TIME.subtype/VIM.pdf
VMP1,TIME.subtype,VlnPlot/TIME.subtype/VMP1.pdf
WFDC2,TIME.subtype,VlnPlot/TIME.subtype/WFDC2.pdf
XIST,TIME.subtype,VlnPlot/TIME.subtype/XIST.pdf
YBX1,TIME.subtype,VlnPlot/TIME.subtype/YBX1.pdf
YWHAB,TIME.subtype,VlnPlot/TIME.subtype/YWHAB.pdf
YWHAZ,TIME.subtype,VlnPlot/TIME.subtype/YWHAZ.pdf
ZBTB20,TIME.subtype,VlnPlot/TIME.subtype/ZBTB20.pdf
ZEB2,TIME.subtype,VlnPlot/TIME.subtype/ZEB2.pdf
ZFAS1,TIME.subtype,VlnPlot/TIME.subtype/ZFAS1.pdf
ZFP36L1,TIME.subtype,VlnPlot/TIME.subtype/ZFP36L1.pdf
ZFP36L2,TIME.subtype,VlnPlot/TIME.subtype/ZFP36L2.pdf
ZNF331,TIME.subtype,VlnPlot/TIME.subtype/ZNF331.pdf
